{"cameraMode":{"drawMode":0,"name":"Shaded","section":"Shading Mode"},"sceneLighting":false,"audioPlay":false,"sceneViewState":{"showFog":true,"showMaterialUpdate":false,"showSkybox":false,"showFlares":true,"showImageEffects":true,"showParticleSystems":true},"in2DMode":false,"pivot":{"x":-11.364896774291993,"y":6.458288192749023,"z":-8.954996109008789},"rotation":{"x":0.0982113629579544,"y":0.0238818172365427,"z":-0.0023573993239551784,"w":0.9948766231536865},"size":1.6330125331878663,"orthographic":false}