{"cameraMode":{"drawMode":0,"name":"Shaded","section":"Shading Mode"},"sceneLighting":false,"audioPlay":false,"sceneViewState":{"showFog":true,"showMaterialUpdate":false,"showSkybox":false,"showFlares":true,"showImageEffects":true,"showParticleSystems":true},"in2DMode":false,"pivot":{"x":1.7818374633789063,"y":0.4752384424209595,"z":1.7042405605316163},"rotation":{"x":0.17032912373542787,"y":0.23688191175460816,"z":-0.04222448170185089,"w":0.9555588960647583},"size":3.2660253047943117,"orthographic":false}