{"cameraMode":{"drawMode":0,"name":"Shaded","section":"Shading Mode"},"sceneLighting":true,"audioPlay":false,"sceneViewState":{"showFog":true,"showMaterialUpdate":false,"showSkybox":true,"showFlares":true,"showImageEffects":true,"showParticleSystems":true},"in2DMode":false,"pivot":{"x":-66.31493377685547,"y":-0.40715789794921877,"z":78.67034149169922},"rotation":{"x":0.043025724589824679,"y":-0.4744783043861389,"z":0.02319578267633915,"w":0.8789383172988892},"size":50.61151885986328,"orthographic":false}