{"cameraMode":{"drawMode":0,"name":"Shaded","section":"Shading Mode"},"sceneLighting":false,"audioPlay":false,"sceneViewState":{"showFog":true,"showMaterialUpdate":false,"showSkybox":false,"showFlares":true,"showImageEffects":true,"showParticleSystems":true},"in2DMode":false,"pivot":{"x":-2.6444778442382814,"y":11.645842552185059,"z":1.2826263904571534},"rotation":{"x":0.13373884558677674,"y":0.1583382785320282,"z":-0.02165144495666027,"w":0.9780455827713013},"size":1.9962165355682374,"orthographic":false}