{"cameraMode":{"drawMode":0,"name":"Shaded","section":"Shading Mode"},"sceneLighting":true,"audioPlay":false,"sceneViewState":{"showFog":true,"showMaterialUpdate":false,"showSkybox":true,"showFlares":true,"showImageEffects":true,"showParticleSystems":true},"in2DMode":false,"pivot":{"x":-12.922922134399414,"y":-67.56660461425781,"z":89.77752685546875},"rotation":{"x":0.3059520721435547,"y":-0.05138079449534416,"z":0.01654038205742836,"w":0.9505476951599121},"size":99.0585708618164,"orthographic":false}