{"cameraMode":{"drawMode":0,"name":"Shaded","section":"Shading Mode"},"sceneLighting":true,"audioPlay":false,"sceneViewState":{"showFog":true,"showMaterialUpdate":false,"showSkybox":true,"showFlares":true,"showImageEffects":true,"showParticleSystems":true},"in2DMode":false,"pivot":{"x":-36.77360534667969,"y":-41.46931457519531,"z":63.50490951538086},"rotation":{"x":0.2937512993812561,"y":-0.18208563327789308,"z":0.05709746479988098,"w":0.9366633892059326},"size":43.089820861816409,"orthographic":false}