{"cameraMode":{"drawMode":0,"name":"Shaded","section":"Shading Mode"},"sceneLighting":true,"audioPlay":false,"sceneViewState":{"showFog":true,"showMaterialUpdate":false,"showSkybox":true,"showFlares":true,"showImageEffects":true,"showParticleSystems":true},"in2DMode":false,"pivot":{"x":-1.6358840465545655,"y":-35.493865966796878,"z":55.120994567871097},"rotation":{"x":0.5263720154762268,"y":-0.01403112057596445,"z":0.008683843538165093,"w":0.8501200079917908},"size":95.89861297607422,"orthographic":false}