{"cameraMode":{"drawMode":0,"name":"Shaded","section":"Shading Mode"},"sceneLighting":true,"audioPlay":false,"sceneViewState":{"showFog":true,"showMaterialUpdate":false,"showSkybox":true,"showFlares":true,"showImageEffects":true,"showParticleSystems":true},"in2DMode":false,"pivot":{"x":-11.448396682739258,"y":6.364895820617676,"z":-9.012556076049805},"rotation":{"x":0.25256094336509707,"y":0.21267327666282655,"z":-0.05700819566845894,"w":0.9421976804733276},"size":15.08830451965332,"orthographic":false}