{"cameraMode":{"drawMode":0,"name":"Shaded","section":"Shading Mode"},"sceneLighting":false,"audioPlay":false,"sceneViewState":{"showFog":true,"showMaterialUpdate":false,"showSkybox":false,"showFlares":true,"showImageEffects":true,"showParticleSystems":true},"in2DMode":false,"pivot":{"x":1.0556674003601075,"y":0.6755619049072266,"z":-0.042758941650390628},"rotation":{"x":0.06683719158172608,"y":0.019453726708889009,"z":-0.0013017829041928053,"w":0.9976047873497009},"size":5.8389716148376469,"orthographic":false}