{"cameraMode":{"drawMode":0,"name":"Shaded","section":"Shading Mode"},"sceneLighting":false,"audioPlay":false,"sceneViewState":{"showFog":true,"showMaterialUpdate":false,"showSkybox":false,"showFlares":true,"showImageEffects":true,"showParticleSystems":true},"in2DMode":false,"pivot":{"x":-2.5833559036254885,"y":11.269051551818848,"z":1.0603389739990235},"rotation":{"x":0.14107027649879456,"y":0.15817132592201234,"z":-0.022838354110717775,"w":0.977014422416687},"size":3.196216344833374,"orthographic":false}