{"cameraMode":{"drawMode":0,"name":"Shaded","section":"Shading Mode"},"sceneLighting":true,"audioPlay":false,"sceneViewState":{"showFog":true,"showMaterialUpdate":false,"showSkybox":true,"showFlares":true,"showImageEffects":true,"showParticleSystems":true},"in2DMode":false,"pivot":{"x":7.076118469238281,"y":-21.741621017456056,"z":17.07542610168457},"rotation":{"x":0.44134435057640078,"y":0.11786680668592453,"z":-0.05857505276799202,"w":0.8876693248748779},"size":39.836158752441409,"orthographic":false}